ramiz-dedakovic-9SWHIgu8A8k-unsplash.jpg	Ramiz Dedaković	https://unsplash.com/@ramche
mikhail-vasilyev-NodtnCsLdTE-unsplash.jpg	Mikhail Vasilyev	https://unsplash.com/@miklevasilyev
manja-vitolic-gKXKBY-C-Dk-unsplash.jpg	Manja Vitolic	https://unsplash.com/@madhatterzone
karina-vorozheeva-rW-I87aPY5Y-unsplash.jpg	Karina Vorozheeva	https://unsplash.com/@_k_arinn
hang-niu-Tn8DLxwuDMA-unsplash.jpg	hang niu	https://unsplash.com/@niuhang
jonas-vincent-xulIYVIbYIc-unsplash.jpg	Jonas Vincent	https://unsplash.com/@jonasvincentbe
max-baskakov-OzAeZPNsLXk-unsplash.jpg	Max Baskakov	https://unsplash.com/@snowboardinec
kate-stone matheson-uy5t-CJuIK4-unsplash.jpg	Kate Stone Matheson	https://unsplash.com/@kstonematheson
michael-sum-LEpfefQf4rU-unsplash.jpg	Michael Sum	https://unsplash.com/@michaelsum1228
edgar-edgar-nKC772R_qog-unsplash.jpg	Edgar Edgar	https://unsplash.com/@edgaredgar
paul-hanaoka-w2DsS-ZAP4U-unsplash.jpg	Paul Hanaoka	https://unsplash.com/@paul_
borna-bevanda-w12NAMymqnk-unsplash.jpg	Borna Bevanda	https://unsplash.com/@bbevanda
kote-puerto-so5nsYDOdxw-unsplash.jpg	Kote Puerto	https://unsplash.com/@kotecinho
charlie-deets-TKgOIwPVmkg-unsplash.jpg	Charlie Deets	https://unsplash.com/@charliedeets
yerlin-matu-GtwiBmtJvaU-unsplash.jpg	Yerlin Matu	https://unsplash.com/@yerlinmatu
nadi-whatisdelirium-fZ8uf_L52wg-unsplash.jpg	Nadi Whatisdelirium	https://unsplash.com/@whatisdelirium
hannah-troupe-0FQneB1VjaM-unsplash.jpg	Hannah Troupe	https://unsplash.com/@htroupe
timo-volz-ZlFKIG6dApg-unsplash.jpg	Timo Volz	https://unsplash.com/@magict1911
zoe-gayah jonker-13ky5Ycf0ts-unsplash.jpg	Zoë Gayah Jonker	https://unsplash.com/@zoegayah
cyrus-chew-Dl39g6QhOIM-unsplash.jpg	Cyrus Chew	https://unsplash.com/@cyrus_c
biel-morro-bsSIk3LV_NE-unsplash.jpg	Biel Morro	https://unsplash.com/@bielmorro
anton-lochov-_b020HIGZUE-unsplash.jpg	Anton Lochov	https://unsplash.com/@paleskinbabe
rana-sawalha-X7UR0BDz-UY-unsplash.jpg	Rana Sawalha	https://unsplash.com/@ranasawalha
pacto-visual-cWOzOnSoh6Q-unsplash.jpg	Pacto Visual	https://unsplash.com/@pactovisual
timothy-meinberg-AL2-t0GrSko-unsplash.jpg	Timothy Meinberg	https://unsplash.com/@timothymeinberg
eric-han-Hd7vwFzZpH0-unsplash.jpg	Eric Han	https://unsplash.com/@madeyes
mikhail-vasilyev-IFxjDdqK_0U-unsplash.jpg	Mikhail Vasilyev	https://unsplash.com/@miklevasilyev
zane-lee-VvTVkc_p-eg-unsplash.jpg	Zane Lee	https://unsplash.com/@zane4004
willian-justen de vasconcellos-1hBWrLIDSCc-unsplash.jpg	Willian Justen de Vasconcellos	https://unsplash.com/@willianjusten
the-lucky neko-rplhB9mYF48-unsplash.jpg	The Lucky Neko	https://unsplash.com/@theluckyneko
erik-jan-leusink-IbPxGLgJiMI-unsplash.jpg	Erik-Jan Leusink	https://unsplash.com/@ejleusink
amber-kipp-75715CVEJhI-unsplash.jpg	Amber Kipp	https://unsplash.com/@sadmax
luiza-sayfullina-9giow4jXrzM-unsplash.jpg	Luiza Sayfullina	https://unsplash.com/@muzaluiza
anna-yenina-iknlrPtyjPI-unsplash.jpg	Anna Yenina	https://unsplash.com/@anna_yenina
paul-hanaoka-URnWOJX8wW4-unsplash.jpg	Paul Hanaoka	https://unsplash.com/@paul_
james-sutton-dQ5G0h7sLno-unsplash.jpg	James Sutton	https://unsplash.com/@jamessutton_photography
alexander-london-mJaD10XeD7w-unsplash.jpg	Alexander London	https://unsplash.com/@alxndr_london
ludemeula-fernandes-9UUoGaaHtNE-unsplash.jpg	Ludemeula Fernandes	https://unsplash.com/@ludemeula
stephan-henning-_SMNO4cN9vs-unsplash.jpg	Stephan Henning	https://unsplash.com/@unlesbar
jari-hytonen-YCPkW_r_6uA-unsplash.jpg	Jari Hytönen	https://unsplash.com/@jarispics
kari-shea-eMzblc6JmXM-unsplash.jpg	Kari Shea	https://unsplash.com/@karishea
andrew-umansky-l5truYNKmm8-unsplash.jpg	Andrew Umansky	https://unsplash.com/@angur
sabri-tuzcu-KHBvwAnWFmc-unsplash.jpg	Sabri Tuzcu	https://unsplash.com/@sabrituzcu
remi-remino-E9kVmtiqqGE-unsplash.jpg	Rémi Rémino	https://unsplash.com/@remino
callum-wale-5s0MuxRGf6M-unsplash.jpg	Callum Wale	https://unsplash.com/@callumlwale
marko-blazevic-zBvVuRJ71vU-unsplash.jpg	Marko Blažević	https://unsplash.com/@kerber
diana-parkhouse-0p0lVOLdVmg-unsplash.jpg	Diana Parkhouse	https://unsplash.com/@ditakesphotos
cong-h-RWSh0t7bw68-unsplash.jpg	Cong H	https://unsplash.com/@houcong
mikhail-vasilyev-Qmox1MkYDnY-unsplash.jpg	Mikhail Vasilyev	https://unsplash.com/@miklevasilyev
eric-han-WJ6fmN1D-h0-unsplash.jpg	Eric Han	https://unsplash.com/@madeyes
nathan-riley-_ir1D49PRqM-unsplash.jpg	Nathan Riley	https://unsplash.com/@nrly
timur-m-SAKLELG-pO8-unsplash.jpg	Timur M	https://unsplash.com/@tim_front
kiven-zhao-CVS4kWJaYLs-unsplash.jpg	KiVEN Zhao	https://unsplash.com/@kivenzhao
sereja-ris-g3B53PbBfwU-unsplash.jpg	Sereja Ris	https://unsplash.com/@kimtheris
alexander-andrews-KfPwby-UisA-unsplash.jpg	Alexander Andrews	https://unsplash.com/@alex_andrews
borna-bevanda-VwqecUsYKvs-unsplash.jpg	Borna Bevanda	https://unsplash.com/@bbevanda
david-peters-lSXQOeWUb9E-unsplash.jpg	David Peters	https://unsplash.com/@gnipoolator
sarah-dorweiler-kjERLXaHjXc-unsplash.jpg	Sarah Dorweiler	https://unsplash.com/@sarahdorweiler
tucker-good-VvO8e8n0Ffg-unsplash.jpg	Tucker Good	https://unsplash.com/@tuckergood
kari-shea-FilM6ng7VGQ-unsplash.jpg	Kari Shea	https://unsplash.com/@karishea
chuan-xu-3lovxIcj6y8-unsplash.jpg	Chuan Xu	https://unsplash.com/@chuanxu
alexandru-zdrobau-_STvosrG-pw-unsplash.jpg	Alexandru Zdrobău	https://unsplash.com/@alexandruz
ash-edmonds-Co_hWX_XtEk-unsplash.jpg	Ash Edmonds	https://unsplash.com/@badashphotos
chunlea-ju-HN3-ehlNwsc-unsplash.jpg	Chunlea Ju	https://unsplash.com/@chunlea
raul-varzar-1l2waV8glIQ-unsplash.jpg	Raul Varzar	https://unsplash.com/@calypso999
jonathan-cooper-wg6tsOBbGb0-unsplash.jpg	Jonathan Cooper	https://unsplash.com/@theshuttervision
taylor-grote-vVaRqEeb_Ss-unsplash.jpg	Taylor Grote	https://unsplash.com/@taylor_grote
kazuky-akayashi-p184vYrKCEk-unsplash.jpg	Kazuky Akayashi	https://unsplash.com/@kazukyakayashi
aleksandar-cvetanovic-A7nK49HCqSI-unsplash.jpg	Aleksandar Cvetanovic	https://unsplash.com/@lemonzandtea
paul-hanaoka-o6RbK3y7mK4-unsplash.jpg	Paul Hanaoka	https://unsplash.com/@paul_
uriel-soberanes-xadzcCQZ_Xc-unsplash.jpg	Uriel Soberanes	https://unsplash.com/@soberanes
patrick-reichboth-YKCwVVF5PxM-unsplash.jpg	Patrick Reichboth	https://unsplash.com/@peetfolio
loan-7AIDE8PrvA0-unsplash.jpg	Loan	https://unsplash.com/@l_oan
krista-mangulsone-9gz3wfHr65U-unsplash.jpg	Krista Mangulsone	https://unsplash.com/@krista
tatyana-eremina-cQDu1G6lmRM-unsplash.jpg	Tatyana Eremina	https://unsplash.com/@artyana
ramiz-dedakovic-bmGy-eqrl1k-unsplash.jpg	Ramiz Dedaković	https://unsplash.com/@ramche
max-bottinger-_yL3CxNwV4M-unsplash.jpg	Max Böttinger	https://unsplash.com/@maxboettinger
nirzar-pangarkar-sDpmnfv-KRk-unsplash.jpg	Nirzar Pangarkar	https://unsplash.com/@nirzar
chris-abney-mAsKA0jFfeQ-unsplash.jpg	Chris Abney	https://unsplash.com/@chrisabney
paul-hanaoka-C0zDWAPFT9A-unsplash.jpg	Paul Hanaoka	https://unsplash.com/@paul_
marnhe-du plooy-U6u_A5z6mME-unsplash.jpg	Marnhe du Plooy	https://unsplash.com/@marnhe
erik-jan-leusink-O7ePLfRRlBs-unsplash.jpg	Erik-Jan Leusink	https://unsplash.com/@ejleusink
alireza-attari-99wAlgGExpI-unsplash.jpg	Alireza Attari	https://unsplash.com/@alireza_attari
erik-jan-leusink--oSpTrUtvfY-unsplash.jpg	Erik-Jan Leusink	https://unsplash.com/@ejleusink
paul-hanaoka-KJE2ciAdEe0-unsplash.jpg	Paul Hanaoka	https://unsplash.com/@paul_
clark-young-egfS7HzgKcc-unsplash.jpg	Clark Young	https://unsplash.com/@cbyoung
chen-yi wen--GzyUGKhjBY-unsplash.jpg	Chen Yi Wen	https://unsplash.com/@yiwen0316
miron-cristina-HW_6USwudbo-unsplash.jpg	Miron Cristina	https://unsplash.com/@crismiron
josh-couch-Vv45XEMJWZk-unsplash.jpg	Josh Couch	https://unsplash.com/@joshcouchdesign
kim-davies-fEK4jvgnApg-unsplash.jpg	Kim Davies	https://unsplash.com/@flowerchildkimmi
cat-mapper (max ogden)-EcsCeS6haJ8-unsplash.jpg	Cat Mapper (Max Ogden)	https://unsplash.com/@catmapper
asique-alam-HaMYaR9J-Zg-unsplash.jpg	Asique Alam	https://unsplash.com/@asiquealam
akemy-mory-4tc7_jEgGzg-unsplash.jpg	Akemy Mory	https://unsplash.com/@akemymory
crystal-z. shi-ZS7nn7ABVFY-unsplash.jpg	Crystal Z. Shi	https://unsplash.com/@skulkingfaux
sean-paul kinnear-FQjmQgSoRyQ-unsplash.jpg	Sean Paul Kinnear	https://unsplash.com/@seanpaulkinnear
james-lee-uT71-AFbvgw-unsplash.jpg	James Lee	https://unsplash.com/@picsbyjameslee
matteo-ferrero-CAiJFejyMIQ-unsplash.jpg	Matteo Ferrero	https://unsplash.com/@thessd
s.-zander-_KRqa1T2UUY-unsplash.jpg	S. Zander	https://unsplash.com/@twisted_five
s.-zander-CQplQi_Z-V8-unsplash.jpg	S. Zander	https://unsplash.com/@twisted_five
anton-scherbakov-WSyg9Imi1qw-unsplash.jpg	Anton Scherbakov	https://unsplash.com/@scherbakovx
erik-jan-leusink-iIE3jnlvFV0-unsplash.jpg	Erik-Jan Leusink	https://unsplash.com/@ejleusink
jack-cain-PzW8sghZRrY-unsplash.jpg	Jack Cain	https://unsplash.com/@jackcain_
richard-bell-zPi1kB0p8k0-unsplash.jpg	Richard Bell	https://unsplash.com/@maplerockdesign
wayne-godfrey-UQ3dU93jqWA-unsplash.jpg	Wayne Godfrey	https://unsplash.com/@wayne_godfrey_777
marco-secchi-ClrRTcXpYEw-unsplash.jpg	Marco Secchi	https://unsplash.com/@marcosecchi
natalia-prekurat-_qzcOLRGv4w-unsplash.jpg	Natalia Prekurat	https://unsplash.com/@natala27
dusan-smetana-ah7KHxYg6Ow-unsplash.jpg	Dušan Smetana	https://unsplash.com/@veverkolog
steven-skerritt-h86L_yVBTTc-unsplash.jpg	Steven Skerritt	https://unsplash.com/@keepsakes_and_daydreams
steven-skerritt-FxUZbJnedh8-unsplash.jpg	Steven Skerritt	https://unsplash.com/@keepsakes_and_daydreams
dimitar-donovski-yWu-vXngTlM-unsplash.jpg	Dimitar Donovski	https://unsplash.com/@dmtrdon
simone-scholten-N9CmscmXyDU-unsplash.jpg	Simone Scholten	https://unsplash.com/@shscholten
pim-myten--VM6m9f-MTY-unsplash.jpg	Pim Myten	https://unsplash.com/@pimmyten
roman-laschov-SdkAHfhhxRk-unsplash.jpg	Roman Laschov	https://unsplash.com/@romanlaschov
joshua-j. cotten-wpFv6xZyUQs-unsplash.jpg	Joshua J. Cotten	https://unsplash.com/@jcotten
valentin-petkov-Nwz8sN6v7jE-unsplash.jpg	Valentin Petkov	https://unsplash.com/@thefreak1337
niklas-garnholz-riJf5f-SSaI-unsplash.jpg	Niklas Garnholz	https://unsplash.com/@niklasgarnholz
niklas-garnholz-lkLN6l40pEY-unsplash.jpg	Niklas Garnholz	https://unsplash.com/@niklasgarnholz
jeevan-jose-75wdJ0lqNEM-unsplash.jpg	Jeevan Jose	https://unsplash.com/@jeevanjose
jana-sabeth-zKosF8wLxUY-unsplash.jpg	Jana Sabeth	https://unsplash.com/@janasabeth
rigel-0ZZ2Ib2NSLk-unsplash.jpg	rigel	https://unsplash.com/@rigels
elmer-canas-6F_UyzkLrQQ-unsplash.jpg	Elmer Cañas	https://unsplash.com/@elmercanasjr
yomex-owo-vydn36dztkg-unsplash.jpg	Yomex Owo	https://unsplash.com/@yomex4life
josefin-FY-tBAFkQP4-unsplash.jpg	Josefin	https://unsplash.com/@josefin
pim-myten-MqMI8E8PAHE-unsplash.jpg	Pim Myten	https://unsplash.com/@pimmyten
max-letek-L1mM2Z3UsoM-unsplash.jpg	Max Letek	https://unsplash.com/@blackprojection
kai-wenzel-VTxU8xUodoA-unsplash.jpg	Kai Wenzel	https://unsplash.com/@kai_wenzel
dusan-smetana-TZOuG2PIyec-unsplash.jpg	Dušan Smetana	https://unsplash.com/@veverkolog
ester-marie doysabas-UutgaUWSlsE-unsplash.jpg	Ester Marie Doysabas	https://unsplash.com/@esterrestrial
lachlan-gowen-zQTw2g6JY6U-unsplash.jpg	Lachlan Gowen	https://unsplash.com/@lachlangowen
marcus-lange-4Cm2_mD1kXM-unsplash.jpg	Marcus Lange	https://unsplash.com/@marcusl
peter-neumann-8l_BBndJ7HE-unsplash.jpg	Peter Neumann	https://unsplash.com/@peterneumann
juan-camilo guarin p-Y93azBCH18Q-unsplash.jpg	Juan Camilo Guarin P	https://unsplash.com/@jcguarinpenaranda
jannes-fischer-f6Lz7mY2bRE-unsplash.jpg	Jannes Fischer	https://unsplash.com/@studentenfilm
etienne-assenheimer-qZw5pEuOxMw-unsplash.jpg	Etienne Assenheimer	https://unsplash.com/@maltregan
benjamin-riedl-1lrlO3h_5pw-unsplash.jpg	Benjamin Riedl	https://unsplash.com/@bephial
tobias-tullius-RXJvqCxXJak-unsplash.jpg	Tobias Tullius	https://unsplash.com/@tobiastu
dimitri-houtteman-TZrJqktLcEY-unsplash.jpg	Dimitri Houtteman	https://unsplash.com/@dimhou
rachel-hannah photo-Rj65mnba8hg-unsplash.jpg	Rachel Hannah Photo	https://unsplash.com/@rachyhannahphoto
daniele-barison-g3T17UNOptI-unsplash.jpg	Daniele Barison	https://unsplash.com/@barisgnaus
tj-holowaychuk-GrWbxp1TmkA-unsplash.jpg	Tj Holowaychuk	https://unsplash.com/@tjholowaychuk
amanda-swanepoel-KhupIxJ_p4k-unsplash.jpg	Amanda Swanepoel	https://unsplash.com/@phactorie
fanny-renaud-rnCpj-xXAFY-unsplash.jpg	Fanny Renaud	https://unsplash.com/@fanny_charlie
stacey-jones-MNExUqOZQHo-unsplash.jpg	Stacey Jones	https://unsplash.com/@staceyjones
tim-nieland-buUdtjWPyFA-unsplash.jpg	Tim Nieland	https://unsplash.com/@newlander007
andy-holmes-t-QcBHt4z5w-unsplash.jpg	Andy Holmes	https://unsplash.com/@andyjh07
andy-holmes-YyEotvsoOXs-unsplash.jpg	Andy Holmes	https://unsplash.com/@andyjh07
hugo-brightling--Np0fy-xMPg-unsplash.jpg	Hugo Brightling	https://unsplash.com/@hb_photo
andy-holmes-Wtk9TfKC3I4-unsplash.jpg	Andy Holmes	https://unsplash.com/@andyjh07
holger-link-3vEPLxcF6eU-unsplash.jpg	Holger Link	https://unsplash.com/@photoholgic
dusan-smetana-8OsOhpEz9IE-unsplash.jpg	Dušan Smetana	https://unsplash.com/@veverkolog
maya-alexandra-martin-uIil4VY2F4o-unsplash.jpg	Maya-Alexandra Martin	https://unsplash.com/@mayaalexandra
marcus-lange-bzuYzYlCpxE-unsplash.jpg	Marcus Lange	https://unsplash.com/@marcusl
ines-gemein-zX_zdtpYHjI-unsplash.jpg	Ines Gemein	https://unsplash.com/@trustfoxy
dan-kb-6YfdSCCmo2k-unsplash.jpg	Dan Kb	https://unsplash.com/@dante_t
jung-ho park-qnd57fmXz60-unsplash.jpg	Jung Ho Park	https://unsplash.com/@mylovefromjesus
rachel-hannah photo-X-xE7TzGtNs-unsplash.jpg	Rachel Hannah Photo	https://unsplash.com/@rachyhannahphoto
toby-john varhaugvik-DJiMN57iLK8-unsplash.jpg	Toby John Varhaugvik	https://unsplash.com/@toby1john
anette-miate-f7Ami0-jpJo-unsplash.jpg	Anette Miate	https://unsplash.com/@coyotestudio1
dusan-smetana-AIdplNT2ZIM-unsplash.jpg	Dušan Smetana	https://unsplash.com/@veverkolog
edgar-noel perez-NOZ6U-E4Qx4-unsplash.jpg	Edgar Noel Perez	https://unsplash.com/@highground_photography
lance-anderson-7DITOdv_Uxo-unsplash.jpg	Lance Anderson	https://unsplash.com/@lanceanderson
christian-englmeier-Gwfq9nOfHNI-unsplash.jpg	Christian Englmeier	https://unsplash.com/@christianem
elisabeth--AlAMwdgfak-unsplash.jpg	Elisabeth	https://unsplash.com/@elsi_
martin-brechtl--I_PC2H3cuc-unsplash.jpg	Martin Brechtl	https://unsplash.com/@majc0
rigel-D30npnXXlcM-unsplash.jpg	rigel	https://unsplash.com/@rigels
juan-camilo guarin p-2LxJ8KnkWxs-unsplash.jpg	Juan Camilo Guarin P	https://unsplash.com/@jcguarinpenaranda
philippe-oursel-0eGMWzCdKZM-unsplash.jpg	Philippe Oursel	https://unsplash.com/@ourselp
ash-goldsbrough-aNn273H8sGo-unsplash.jpg	Ash Goldsbrough	https://unsplash.com/@gxldy
eugene-chystiakov-o_RfcYBL4RM-unsplash.jpg	Eugene Chystiakov	https://unsplash.com/@eugenechystiakov
pranesh-ravi-CeMH_l1wdv4-unsplash.jpg	Pranesh Ravi	https://unsplash.com/@praneshr
wolfgang-hasselmann-uMh01lZZYMk-unsplash.jpg	Wolfgang Hasselmann	https://unsplash.com/@wolfgang_hasselmann
wolfgang-hasselmann-HqPm4R6qQOE-unsplash.jpg	Wolfgang Hasselmann	https://unsplash.com/@wolfgang_hasselmann
steven-skerritt-yNgTk3NMbUE-unsplash.jpg	Steven Skerritt	https://unsplash.com/@keepsakes_and_daydreams
rachel-hannah photo-O1LRT1Vf2gw-unsplash.jpg	Rachel Hannah Photo	https://unsplash.com/@rachyhannahphoto
andre-wasserberg-NrN7REpdOWI-unsplash.jpg	André Wasserberg	https://unsplash.com/@andowa
jon-hunter-LpDV7K3fiFk-unsplash.jpg	Jon Hunter	https://unsplash.com/@jonathun
christian-englmeier-XJuvQZToChs-unsplash.jpg	Christian Englmeier	https://unsplash.com/@christianem
kai-wenzel-aPgmbnvZ-lc-unsplash.jpg	Kai Wenzel	https://unsplash.com/@kai_wenzel
matt-eason-eo4SlZNk6R0-unsplash.jpg	Matt Eason	https://unsplash.com/@matteason
zara-gray-OrUAtXl8iEM-unsplash.jpg	Zara Gray	https://unsplash.com/@zaragrayyphotography
jannes-fischer-IW6wTvcH11A-unsplash.jpg	Jannes Fischer	https://unsplash.com/@studentenfilm
manuel-capellari-l55mNnHW6ss-unsplash.jpg	Manuel Capellari	https://unsplash.com/@mcapellari
kai-wenzel-KiRuczJU4oA-unsplash.jpg	Kai Wenzel	https://unsplash.com/@kai_wenzel
dusan-smetana-bjAv8xXkTrA-unsplash.jpg	Dušan Smetana	https://unsplash.com/@veverkolog
acs-anett-vcZg9EmXqJU-unsplash.jpg	Ács Anett	https://unsplash.com/@radpeanutbanana
taylor-gregory-EvgNwMsDz8Y-unsplash.jpg	taylor gregory	https://unsplash.com/@taylorngregory
ruiqi-kong-fvePtOOlwsw-unsplash.jpg	Ruiqi Kong	https://unsplash.com/@sakamotomari
amanda-swanepoel-IM2EzXrZdA0-unsplash.jpg	Amanda Swanepoel	https://unsplash.com/@phactorie
wolfgang-hasselmann-_SPwmPWUQKM-unsplash.jpg	Wolfgang Hasselmann	https://unsplash.com/@wolfgang_hasselmann
denis-tuksar-0M5RXzqFMP8-unsplash.jpg	Denis Tuksar	https://unsplash.com/@dtuksar
eugene-chystiakov-uTvfSUsKqJ4-unsplash.jpg	Eugene Chystiakov	https://unsplash.com/@eugenechystiakov
